{
    "74c4b377-52f3-402c-9ff8-27506953a272": {
        "pos": {
            "x": 7.680608935983334,
            "y": 150.11650136792812,
            "z": -18.05100974773507,
            "yaw": -180,
            "pitch": 0
        }
    }
}